PassengerId,Transported
0013_01,Yes
0018_01,No
0019_01,Yes
0021_01,Yes
0023_01,Yes
0027_01,Yes
0029_01,Yes
0032_01,Yes
0032_02,Yes
0033_01,Yes
0037_01,No
0040_01,No
0040_02,Yes
0042_01,Yes
0046_01,No
0046_02,No
0046_03,No
0047_01,Yes
0047_02,Yes
0047_03,No
0048_01,Yes
0049_01,No
0054_01,Yes
0054_02,Yes
0054_03,No
0055_01,No
0057_01,Yes
0059_01,Yes
0060_01,Yes
0063_01,Yes
0065_01,Yes
0075_01,No
0079_01,Yes
0080_01,No
0083_01,No
0087_01,No
0089_01,Yes
0093_01,Yes
0094_01,No
0094_02,No
0095_01,Yes
0096_01,Yes
0100_01,Yes
0100_02,Yes
0104_01,No
0106_01,Yes
0109_01,No
0117_01,No
0118_01,Yes
0121_01,No
0124_01,Yes
0125_01,Yes
0125_02,No
0130_01,Yes
0131_01,Yes
0132_01,Yes
0135_01,No
0137_01,Yes
0142_01,Yes
0142_02,No
0142_03,Yes
0143_01,No
0145_01,No
0150_01,Yes
0150_02,Yes
0153_01,No
0154_01,Yes
0155_01,No
0156_01,No
0157_01,No
0158_01,No
0158_02,Yes
0159_01,No
0161_01,No
0162_01,Yes
0166_01,Yes
0168_01,Yes
0175_01,Yes
0175_02,Yes
0175_03,Yes
0175_04,Yes
0175_05,Yes
0176_01,No
0180_01,No
0184_01,Yes
0185_01,Yes
0187_01,Yes
0191_01,No
0194_01,Yes
0194_02,Yes
0194_03,No
0204_01,No
0208_01,No
0209_01,No
0214_01,No
0214_02,No
0215_01,Yes
0218_01,No
0226_01,Yes
0227_01,No
0228_01,Yes
0228_02,Yes
0228_03,Yes
0228_04,No
0230_01,Yes
0230_02,No
0235_01,Yes
0236_01,Yes
0238_01,No
0247_01,Yes
0247_02,Yes
0249_01,No
0256_01,Yes
0259_01,Yes
0262_01,No
0264_01,Yes
0264_02,Yes
0264_03,No
0266_01,No
0266_02,No
0268_01,No
0268_02,No
0271_01,No
0272_01,No
0273_01,Yes
0273_02,Yes
0273_03,No
0274_01,No
0274_02,Yes
0276_01,No
0276_02,Yes
0279_01,No
0280_01,No
0284_01,Yes
0292_01,No
0293_01,Yes
0295_01,No
0296_01,No
0299_01,No
0300_01,No
0308_01,No
0311_01,Yes
0312_01,Yes
0317_01,No
0318_01,Yes
0319_01,No
0319_02,Yes
0323_01,Yes
0325_01,No
0328_01,Yes
0329_01,Yes
0332_01,Yes
0335_01,Yes
0339_01,No
0339_02,No
0339_03,Yes
0339_04,Yes
0339_05,Yes
0339_06,No
0339_07,No
0339_08,No
0342_01,No
0342_02,Yes
0344_01,Yes
0344_02,No
0349_01,No
0349_02,Yes
0349_03,No
0349_04,Yes
0349_05,No
0349_06,No
0351_01,Yes
0353_01,No
0353_02,Yes
0354_01,Yes
0362_01,Yes
0363_01,No
0363_02,Yes
0363_03,Yes
0364_01,Yes
0364_02,No
0366_01,Yes
0367_01,No
0374_01,No
0374_02,No
0386_01,No
0390_01,Yes
0393_01,No
0394_01,Yes
0399_01,Yes
0400_01,Yes
0404_01,Yes
0406_01,No
0414_01,No
0416_01,No
0418_01,No
0419_01,No
0419_02,Yes
0419_03,Yes
0420_01,No
0421_01,Yes
0422_01,No
0424_01,No
0426_01,No
0440_01,No
0443_01,Yes
0450_01,No
0451_01,Yes
0455_01,No
0464_01,Yes
0467_01,Yes
0467_02,Yes
0467_03,Yes
0467_04,Yes
0469_01,No
0473_01,No
0478_01,No
0478_02,Yes
0479_01,Yes
0483_01,Yes
0483_02,Yes
0484_01,Yes
0486_01,Yes
0489_01,Yes
0489_02,Yes
0491_01,Yes
0492_01,No
0493_01,Yes
0494_01,Yes
0494_02,No
0495_01,Yes
0495_02,Yes
0495_03,Yes
0495_04,Yes
0495_05,No
0495_06,Yes
0496_01,No
0496_02,Yes
0497_01,Yes
0505_01,No
0508_01,No
0509_01,Yes
0511_01,No
0514_01,Yes
0524_01,Yes
0526_01,Yes
0530_01,No
0530_02,No
0530_03,Yes
0532_01,No
0532_02,Yes
0535_01,No
0536_01,No
0536_02,No
0541_01,Yes
0543_01,Yes
0544_01,Yes
0554_01,No
0557_01,Yes
0557_02,Yes
0558_01,Yes
0562_01,Yes
0562_02,Yes
0574_01,No
0578_01,Yes
0578_02,No
0584_01,Yes
0584_02,No
0592_01,Yes
0595_01,Yes
0601_01,Yes
0604_01,Yes
0605_01,No
0606_01,Yes
0613_01,Yes
0613_02,Yes
0616_01,No
0617_01,No
0620_01,No
0620_02,Yes
0620_03,Yes
0621_01,No
0622_01,No
0624_01,Yes
0625_01,Yes
0625_02,Yes
0625_03,Yes
0626_01,Yes
0626_02,Yes
0626_03,Yes
0627_01,Yes
0632_01,No
0632_02,Yes
0632_03,Yes
0640_01,Yes
0640_02,Yes
0648_01,No
0648_02,No
0649_01,Yes
0651_01,Yes
0652_01,Yes
0652_02,Yes
0652_03,Yes
0652_04,No
0652_05,Yes
0654_01,Yes
0662_01,Yes
0666_01,Yes
0666_02,Yes
0667_01,No
0670_01,No
0670_02,No
0673_01,Yes
0675_01,Yes
0676_01,No
0681_01,Yes
0692_01,Yes
0694_01,Yes
0695_01,Yes
0698_01,No
0700_01,No
0706_01,Yes
0708_01,Yes
0708_02,Yes
0711_01,No
0716_01,No
0717_01,Yes
0717_02,No
0717_03,Yes
0717_04,Yes
0717_05,No
0717_06,No
0717_07,Yes
0720_01,Yes
0720_02,No
0720_03,No
0721_01,No
0722_01,No
0723_01,No
0725_01,Yes
0730_01,Yes
0731_01,No
0731_02,No
0735_01,No
0739_01,Yes
0741_01,Yes
0742_01,Yes
0742_02,Yes
0744_01,Yes
0745_01,No
0747_01,No
0748_01,Yes
0748_02,No
0749_01,Yes
0751_01,Yes
0752_01,Yes
0755_01,Yes
0758_01,No
0758_02,Yes
0758_03,No
0759_01,Yes
0759_02,No
0759_03,Yes
0760_01,No
0763_01,Yes
0763_02,No
0766_01,Yes
0774_01,Yes
0774_02,No
0774_03,Yes
0775_01,Yes
0775_02,Yes
0775_03,Yes
0775_04,No
0775_05,Yes
0775_06,Yes
0778_01,Yes
0778_02,No
0780_01,Yes
0783_01,No
0792_01,Yes
0800_01,No
0801_01,Yes
0803_01,Yes
0804_01,Yes
0807_01,No
0810_01,No
0812_01,Yes
0814_01,No
0821_01,Yes
0827_01,No
0827_02,No
0827_03,Yes
0831_01,No
0832_01,Yes
0837_01,Yes
0837_02,No
0838_01,Yes
0838_02,No
0841_01,No
0842_01,Yes
0843_01,Yes
0844_01,Yes
0847_01,No
0852_01,Yes
0854_01,Yes
0855_01,Yes
0856_01,No
0857_01,Yes
0858_01,No
0858_02,Yes
0861_01,No
0862_01,Yes
0864_01,No
0864_02,No
0864_03,Yes
0866_01,Yes
0872_01,No
0880_01,Yes
0880_02,Yes
0882_01,Yes
0884_01,No
0884_02,No
0886_01,No
0886_02,Yes
0886_03,Yes
0887_01,No
0887_02,No
0888_01,No
0888_02,No
0891_01,Yes
0892_01,Yes
0892_02,Yes
0892_03,Yes
0894_01,Yes
0895_01,No
0896_01,No
0897_01,Yes
0897_02,Yes
0900_01,Yes
0908_01,Yes
0909_01,No
0909_02,Yes
0909_03,Yes
0914_01,No
0916_01,No
0917_01,Yes
0920_01,No
0929_01,No
0934_01,No
0936_01,No
0937_01,Yes
0943_01,Yes
0943_02,Yes
0943_03,No
0945_01,No
0945_02,No
0948_01,No
0950_01,Yes
0954_01,Yes
0958_01,No
0959_01,No
0962_01,Yes
0963_01,Yes
0967_01,No
0973_01,No
0974_01,No
0977_01,Yes
0980_01,No
0981_01,No
0981_02,Yes
0986_01,No
0986_02,Yes
0996_01,No
0999_01,Yes
0999_02,Yes
1003_01,No
1007_01,No
1009_01,No
1010_01,Yes
1016_01,No
1021_01,No
1023_01,Yes
1028_01,Yes
1037_01,Yes
1039_01,No
1042_01,No
1044_01,Yes
1050_01,Yes
1055_01,No
1059_01,Yes
1059_02,Yes
1061_01,Yes
1064_01,Yes
1064_02,Yes
1067_01,No
1069_01,Yes
1070_01,Yes
1072_01,Yes
1072_02,Yes
1072_03,Yes
1072_04,No
1072_05,No
1072_06,No
1072_07,Yes
1072_08,Yes
1073_01,No
1074_01,Yes
1074_02,Yes
1081_01,No
1087_01,No
1090_01,Yes
1090_02,No
1092_01,Yes
1098_01,No
1101_01,Yes
1103_01,No
1104_01,Yes
1106_01,No
1106_02,Yes
1107_01,No
1109_01,No
1111_01,Yes
1111_02,Yes
1111_03,No
1118_01,No
1118_02,Yes
1118_03,Yes
1118_04,No
1118_05,No
1119_01,No
1119_02,Yes
1120_01,Yes
1122_01,Yes
1124_01,Yes
1124_02,Yes
1124_03,No
1125_01,No
1125_02,Yes
1126_01,Yes
1128_01,Yes
1128_02,Yes
1131_01,Yes
1135_01,No
1135_02,Yes
1135_03,No
1135_04,Yes
1137_01,No
1137_02,No
1138_01,Yes
1139_01,Yes
1143_01,Yes
1145_01,Yes
1145_02,No
1145_03,No
1145_04,Yes
1151_01,No
1157_01,No
1158_01,Yes
1158_02,Yes
1159_01,Yes
1159_02,No
1159_03,Yes
1160_01,No
1164_01,No
1171_01,No
1172_01,Yes
1176_01,Yes
1181_01,No
1183_01,Yes
1183_02,No
1183_03,Yes
1184_01,Yes
1184_02,No
1189_01,No
1194_01,No
1196_01,No
1196_02,No
1200_01,Yes
1201_01,No
1201_02,Yes
1202_01,No
1204_01,Yes
1205_01,No
1207_01,No
1207_02,Yes
1207_03,Yes
1207_04,Yes
1209_01,No
1209_02,No
1217_01,Yes
1217_02,Yes
1219_01,No
1219_02,Yes
1224_01,Yes
1224_02,Yes
1226_01,Yes
1226_02,Yes
1227_01,Yes
1237_01,Yes
1241_01,No
1244_01,Yes
1245_01,Yes
1247_01,Yes
1249_01,No
1251_01,Yes
1252_01,No
1253_01,No
1257_01,Yes
1257_02,Yes
1257_03,Yes
1257_04,Yes
1262_01,Yes
1262_02,No
1265_01,Yes
1266_01,No
1268_01,Yes
1270_01,Yes
1272_01,No
1275_01,No
1276_01,No
1277_01,No
1290_01,No
1296_01,No
1297_01,Yes
1298_01,Yes
1301_01,No
1301_02,Yes
1301_03,Yes
1303_01,No
1305_01,Yes
1313_01,Yes
1314_01,No
1315_01,Yes
1318_01,Yes
1319_01,No
1319_02,No
1320_01,Yes
1320_02,Yes
1320_03,Yes
1321_01,Yes
1321_02,Yes
1321_03,No
1321_04,No
1327_01,Yes
1329_01,No
1334_01,No
1338_01,Yes
1338_02,Yes
1339_01,Yes
1341_01,No
1341_02,Yes
1341_03,Yes
1343_01,No
1343_02,Yes
1343_03,No
1344_01,No
1346_01,No
1349_01,Yes
1349_02,Yes
1354_01,No
1354_02,Yes
1354_03,Yes
1354_04,Yes
1354_05,No
1354_06,Yes
1354_07,Yes
1358_01,Yes
1358_02,No
1359_01,No
1361_01,Yes
1361_02,No
1363_01,Yes
1364_01,No
1364_02,No
1367_01,Yes
1369_01,Yes
1369_02,Yes
1369_03,Yes
1372_01,Yes
1373_01,Yes
1374_01,Yes
1388_01,Yes
1392_01,No
1394_01,Yes
1396_01,Yes
1405_01,Yes
1409_01,No
1409_02,Yes
1411_01,Yes
1418_01,Yes
1422_01,Yes
1422_02,No
1422_03,No
1429_01,No
1432_01,No
1432_02,No
1436_01,No
1437_01,No
1441_01,No
1446_01,No
1448_01,No
1449_01,No
1456_01,No
1459_01,No
1464_01,No
1466_01,Yes
1468_01,Yes
1469_01,No
1469_02,No
1470_01,Yes
1471_01,Yes
1471_02,Yes
1471_03,Yes
1471_04,Yes
1471_05,Yes
1472_01,Yes
1473_01,No
1473_02,No
1475_01,Yes
1476_01,No
1477_01,Yes
1477_02,No
1480_01,Yes
1482_01,Yes
1483_01,No
1486_01,Yes
1487_01,Yes
1487_02,Yes
1492_01,No
1492_02,No
1494_01,No
1495_01,No
1495_02,Yes
1496_01,Yes
1497_01,Yes
1497_02,Yes
1502_01,No
1502_02,Yes
1502_03,Yes
1502_04,Yes
1504_01,No
1505_01,No
1508_01,No
1512_01,No
1513_01,Yes
1514_01,Yes
1516_01,Yes
1517_01,No
1518_01,No
1518_02,No
1519_01,No
1522_01,Yes
1530_01,Yes
1534_01,No
1534_02,No
1535_01,No
1537_01,Yes
1538_01,No
1538_02,No
1546_01,Yes
1549_01,Yes
1553_01,Yes
1553_02,No
1554_01,Yes
1554_02,Yes
1556_01,Yes
1557_01,Yes
1559_01,Yes
1559_02,Yes
1563_01,Yes
1566_01,Yes
1570_01,No
1571_01,No
1574_01,Yes
1575_01,Yes
1582_01,Yes
1582_02,Yes
1583_01,Yes
1586_01,No
1587_01,Yes
1587_02,Yes
1589_01,No
1591_01,No
1591_02,Yes
1598_01,Yes
1598_02,No
1600_01,No
1605_01,No
1607_01,Yes
1609_01,No
1610_01,Yes
1616_01,Yes
1618_01,No
1620_01,No
1623_01,No
1627_01,Yes
1629_01,Yes
1629_02,Yes
1629_03,Yes
1629_04,Yes
1629_05,Yes
1629_06,Yes
1639_01,No
1641_01,Yes
1642_01,No
1643_01,No
1648_01,Yes
1652_01,Yes
1654_01,No
1664_01,No
1665_01,Yes
1665_02,Yes
1667_01,No
1675_01,Yes
1678_01,No
1679_01,Yes
1680_01,No
1680_02,Yes
1683_01,No
1684_01,No
1686_01,No
1689_01,Yes
1689_02,Yes
1689_03,Yes
1692_01,Yes
1693_01,Yes
1701_01,Yes
1702_01,Yes
1703_01,Yes
1706_01,No
1707_01,No
1716_01,No
1720_01,No
1722_01,No
1726_01,No
1726_02,Yes
1726_03,No
1732_01,Yes
1735_01,No
1737_01,No
1741_01,Yes
1741_02,Yes
1741_03,Yes
1743_01,No
1744_01,No
1750_01,Yes
1751_01,Yes
1751_02,Yes
1754_01,Yes
1756_01,No
1759_01,Yes
1765_01,Yes
1773_01,No
1777_01,No
1777_02,Yes
1780_01,No
1784_01,No
1787_01,Yes
1788_01,No
1789_01,Yes
1790_01,Yes
1790_02,Yes
1791_01,Yes
1791_02,Yes
1793_01,No
1793_02,No
1794_01,No
1795_01,No
1801_01,Yes
1801_02,No
1809_01,Yes
1814_01,No
1814_02,Yes
1814_03,Yes
1815_01,Yes
1819_01,No
1820_01,Yes
1824_01,No
1825_01,Yes
1825_02,No
1830_01,Yes
1832_01,No
1835_01,Yes
1835_02,Yes
1837_01,Yes
1838_01,Yes
1839_01,No
1840_01,Yes
1842_01,No
1845_01,No
1851_01,No
1851_02,Yes
1852_01,Yes
1852_02,Yes
1852_03,Yes
1852_04,Yes
1858_01,Yes
1862_01,No
1862_02,No
1862_03,Yes
1867_01,Yes
1869_01,No
1870_01,No
1875_01,No
1876_01,No
1883_01,Yes
1885_01,Yes
1893_01,Yes
1894_01,Yes
1895_01,No
1896_01,No
1900_01,Yes
1904_01,No
1909_01,Yes
1909_02,Yes
1909_03,No
1910_01,Yes
1910_02,No
1910_03,No
1910_04,Yes
1912_01,No
1913_01,Yes
1913_02,Yes
1913_03,Yes
1914_01,Yes
1917_01,Yes
1919_01,Yes
1921_01,No
1921_02,No
1924_01,Yes
1929_01,No
1930_01,No
1932_01,No
1934_01,No
1936_01,No
1943_01,No
1944_01,No
1948_01,No
1948_02,Yes
1949_01,No
1951_01,Yes
1951_02,No
1954_01,No
1955_01,No
1958_01,No
1965_01,Yes
1966_01,No
1970_01,No
1972_01,Yes
1982_01,No
1986_01,Yes
1987_01,Yes
1989_01,Yes
1990_01,Yes
1990_02,Yes
1998_01,No
2002_01,Yes
2004_01,Yes
2005_01,No
2005_02,Yes
2008_01,No
2014_01,Yes
2016_01,Yes
2016_02,No
2017_01,Yes
2017_02,No
2018_01,Yes
2020_01,Yes
2021_01,Yes
2023_01,No
2023_02,Yes
2023_03,Yes
2025_01,No
2030_01,No
2031_01,No
2033_01,No
2035_01,No
2035_02,Yes
2036_01,Yes
2036_02,Yes
2036_03,Yes
2037_01,Yes
2037_02,No
2039_01,Yes
2039_02,Yes
2039_03,Yes
2047_01,Yes
2048_01,Yes
2049_01,Yes
2050_01,No
2057_01,Yes
2057_02,Yes
2057_03,No
2057_04,Yes
2057_05,Yes
2058_01,No
2064_01,Yes
2068_01,Yes
2068_02,Yes
2068_03,Yes
2068_04,No
2068_05,Yes
2069_01,No
2072_01,No
2072_02,No
2076_01,Yes
2077_01,No
2078_01,Yes
2079_01,No
2079_02,No
2079_03,No
2093_01,No
2098_01,No
2101_01,Yes
2101_02,Yes
2103_01,No
2108_01,No
2108_02,No
2109_01,Yes
2113_01,Yes
2119_01,No
2119_02,Yes
2122_01,No
2132_01,Yes
2146_01,Yes
2146_02,Yes
2151_01,Yes
2155_01,Yes
2157_01,No
2160_01,No
2160_02,Yes
2160_03,Yes
2165_01,Yes
2166_01,Yes
2169_01,No
2170_01,No
2174_01,No
2176_01,Yes
2178_01,No
2181_01,No
2184_01,Yes
2184_02,Yes
2185_01,Yes
2192_01,No
2197_01,No
2199_01,No
2208_01,No
2213_01,No
2214_01,No
2216_01,Yes
2217_01,No
2218_01,No
2222_01,Yes
2226_01,No
2227_01,Yes
2230_01,Yes
2236_01,Yes
2240_01,Yes
2240_02,No
2240_03,Yes
2242_01,Yes
2244_01,Yes
2245_01,Yes
2245_02,Yes
2246_01,No
2246_02,No
2247_01,No
2248_01,No
2249_01,Yes
2250_01,No
2259_01,Yes
2259_02,Yes
2260_01,Yes
2265_01,No
2271_01,No
2276_01,Yes
2276_02,No
2283_01,No
2285_01,No
2286_01,No
2290_01,Yes
2292_01,Yes
2293_01,Yes
2294_01,Yes
2297_01,No
2304_01,Yes
2307_01,Yes
2307_02,Yes
2307_03,Yes
2307_04,Yes
2307_05,Yes
2322_01,No
2323_01,No
2324_01,No
2326_01,Yes
2328_01,No
2330_01,No
2331_01,Yes
2334_01,No
2335_01,Yes
2337_01,Yes
2342_01,No
2343_01,Yes
2343_02,No
2344_01,No
2344_02,Yes
2346_01,No
2350_01,Yes
2350_02,No
2350_03,Yes
2351_01,No
2351_02,No
2352_01,No
2354_01,No
2355_01,Yes
2355_02,Yes
2355_03,No
2355_04,Yes
2358_01,No
2359_01,No
2362_01,No
2370_01,Yes
2370_02,Yes
2370_03,No
2370_04,Yes
2371_01,No
2372_01,No
2378_01,No
2378_02,Yes
2380_01,No
2380_02,Yes
2381_01,Yes
2383_01,No
2383_02,No
2386_01,Yes
2388_01,No
2388_02,Yes
2393_01,No
2394_01,Yes
2394_02,Yes
2394_03,No
2400_01,No
2405_01,No
2407_01,Yes
2408_01,No
2415_01,Yes
2418_01,No
2420_01,No
2422_01,No
2422_02,Yes
2425_01,Yes
2425_02,Yes
2425_03,Yes
2425_04,Yes
2425_05,Yes
2425_06,Yes
2428_01,No
2430_01,Yes
2430_02,Yes
2430_03,No
2434_01,Yes
2434_02,No
2437_01,No
2440_01,No
2447_01,No
2448_01,Yes
2448_02,Yes
2450_01,No
2459_01,Yes
2464_01,No
2465_01,No
2468_01,Yes
2469_01,No
2469_02,No
2473_01,No
2481_01,Yes
2481_02,No
2482_01,No
2482_02,No
2484_01,Yes
2484_02,No
2485_01,No
2487_01,Yes
2487_02,Yes
2487_03,No
2490_01,No
2493_01,No
2493_02,No
2494_01,Yes
2494_02,No
2495_01,No
2501_01,Yes
2504_01,No
2507_01,Yes
2511_01,No
2514_01,Yes
2517_01,Yes
2525_01,No
2529_01,No
2533_01,No
2536_01,Yes
2538_01,Yes
2538_02,Yes
2539_01,Yes
2543_01,Yes
2554_01,No
2556_01,Yes
2563_01,Yes
2566_01,No
2567_01,Yes
2567_02,Yes
2568_01,Yes
2569_01,Yes
2570_01,Yes
2575_01,Yes
2576_01,Yes
2577_01,Yes
2577_02,Yes
2579_01,No
2583_01,Yes
2585_01,Yes
2586_01,Yes
2587_01,Yes
2587_02,Yes
2600_01,Yes
2603_01,Yes
2603_02,Yes
2604_01,Yes
2608_01,Yes
2610_01,No
2611_01,No
2612_01,No
2613_01,No
2614_01,No
2615_01,Yes
2620_01,Yes
2621_01,No
2623_01,No
2630_01,No
2630_02,Yes
2630_03,Yes
2632_01,No
2637_01,No
2637_02,Yes
2637_03,Yes
2639_01,Yes
2644_01,No
2653_01,No
2654_01,No
2656_01,Yes
2665_01,No
2667_01,Yes
2667_02,No
2667_03,No
2667_04,Yes
2667_05,Yes
2669_01,No
2673_01,Yes
2674_01,Yes
2674_02,No
2680_01,No
2681_01,Yes
2686_01,No
2689_01,No
2694_01,Yes
2694_02,Yes
2696_01,Yes
2699_01,No
2705_01,Yes
2710_01,Yes
2710_02,Yes
2711_01,No
2715_01,No
2715_02,No
2716_01,No
2716_02,Yes
2719_01,No
2719_02,Yes
2719_03,No
2728_01,No
2731_01,Yes
2733_01,No
2735_01,No
2742_01,Yes
2744_01,No
2749_01,Yes
2757_01,No
2761_01,No
2761_02,Yes
2766_01,Yes
2767_01,No
2771_01,No
2775_01,No
2776_01,No
2777_01,Yes
2779_01,No
2782_01,No
2791_01,No
2794_01,No
2794_02,No
2794_03,Yes
2794_04,Yes
2794_05,No
2794_06,Yes
2794_07,Yes
2800_01,Yes
2803_01,Yes
2804_01,Yes
2808_01,Yes
2808_02,Yes
2815_01,No
2815_02,Yes
2815_03,Yes
2816_01,Yes
2827_01,Yes
2828_01,No
2829_01,Yes
2830_01,Yes
2833_01,Yes
2836_01,Yes
2841_01,No
2842_01,Yes
2844_01,No
2845_01,Yes
2845_02,Yes
2848_01,Yes
2848_02,Yes
2848_03,Yes
2849_01,No
2850_01,Yes
2850_02,Yes
2850_03,No
2850_04,Yes
2851_01,No
2855_01,Yes
2864_01,No
2868_01,Yes
2868_02,Yes
2868_03,Yes
2868_04,Yes
2874_01,No
2879_01,No
2885_01,No
2886_01,No
2889_01,No
2895_01,Yes
2896_01,No
2898_01,Yes
2898_02,Yes
2903_01,No
2904_01,No
2904_02,Yes
2911_01,Yes
2914_01,Yes
2915_01,Yes
2916_01,Yes
2917_01,No
2918_01,No
2921_01,No
2922_01,Yes
2923_01,Yes
2924_01,No
2931_01,Yes
2931_02,No
2932_01,Yes
2933_01,No
2937_01,No
2939_01,Yes
2946_01,No
2946_02,No
2946_03,Yes
2946_04,No
2947_01,Yes
2951_01,No
2952_01,No
2955_01,No
2957_01,Yes
2963_01,No
2967_01,Yes
2973_01,No
2974_01,No
2976_01,Yes
2976_02,Yes
2976_03,Yes
2976_04,No
2977_01,No
2977_02,No
2977_03,No
2978_01,No
2980_01,No
2981_01,Yes
2985_01,Yes
2987_01,No
2989_01,No
2991_01,No
2997_01,Yes
2997_02,No
2997_03,No
2997_04,Yes
2999_01,Yes
3002_01,No
3007_01,No
3008_01,Yes
3008_02,No
3008_03,Yes
3008_04,Yes
3008_05,Yes
3008_06,Yes
3011_01,Yes
3016_01,Yes
3016_02,Yes
3016_03,Yes
3016_04,No
3017_01,Yes
3028_01,Yes
3031_01,Yes
3035_01,Yes
3037_01,Yes
3037_02,Yes
3041_01,No
3043_01,No
3046_01,Yes
3049_01,No
3051_01,No
3052_01,No
3056_01,Yes
3057_01,No
3058_01,No
3059_01,Yes
3069_01,No
3072_01,Yes
3074_01,Yes
3075_01,Yes
3077_01,Yes
3077_02,Yes
3078_01,No
3078_02,No
3078_03,Yes
3078_04,No
3086_01,Yes
3089_01,Yes
3094_01,Yes
3097_01,Yes
3098_01,No
3101_01,No
3105_01,Yes
3105_02,Yes
3105_03,Yes
3106_01,Yes
3107_01,Yes
3108_01,Yes
3109_01,Yes
3115_01,Yes
3122_01,No
3122_02,No
3125_01,No
3125_02,No
3127_01,Yes
3129_01,Yes
3135_01,No
3137_01,Yes
3139_01,No
3141_01,Yes
3144_01,No
3146_01,No
3148_01,Yes
3148_02,No
3150_01,Yes
3151_01,Yes
3153_01,No
3153_02,Yes
3154_01,Yes
3155_01,Yes
3155_02,Yes
3156_01,No
3157_01,No
3160_01,No
3165_01,No
3167_01,Yes
3170_01,Yes
3173_01,Yes
3177_01,No
3178_01,Yes
3183_01,No
3186_01,Yes
3187_01,No
3190_01,No
3190_02,Yes
3194_01,No
3198_01,No
3199_01,Yes
3202_01,Yes
3207_01,No
3208_01,No
3214_01,Yes
3222_01,No
3226_01,Yes
3228_01,No
3231_01,Yes
3233_01,Yes
3234_01,No
3242_01,No
3244_01,Yes
3244_02,Yes
3244_03,Yes
3245_01,No
3245_02,No
3246_01,Yes
3249_01,No
3249_02,Yes
3250_01,No
3251_01,No
3257_01,Yes
3261_01,No
3263_01,Yes
3264_01,No
3265_01,No
3265_02,Yes
3265_03,Yes
3265_04,Yes
3266_01,No
3267_01,Yes
3277_01,No
3278_01,Yes
3281_01,Yes
3285_01,No
3285_02,Yes
3286_01,No
3288_01,Yes
3290_01,Yes
3290_02,No
3291_01,Yes
3302_01,No
3303_01,No
3306_01,No
3307_01,Yes
3316_01,Yes
3320_01,No
3320_02,No
3321_01,Yes
3333_01,Yes
3334_01,Yes
3335_01,No
3340_01,No
3341_01,Yes
3341_02,No
3344_01,Yes
3344_02,Yes
3345_01,Yes
3345_02,No
3345_03,Yes
3346_01,No
3347_01,Yes
3347_02,No
3351_01,Yes
3351_02,No
3354_01,No
3355_01,Yes
3356_01,No
3358_01,No
3362_01,No
3362_02,No
3366_01,Yes
3367_01,Yes
3368_01,Yes
3368_02,Yes
3368_03,No
3368_04,Yes
3368_05,Yes
3368_06,No
3368_07,No
3369_01,No
3373_01,Yes
3374_01,No
3375_01,No
3376_01,Yes
3378_01,No
3379_01,Yes
3385_01,No
3388_01,Yes
3393_01,Yes
3398_01,No
3399_01,No
3400_01,Yes
3407_01,No
3407_02,No
3411_01,No
3411_02,No
3411_03,No
3411_04,No
3411_05,Yes
3411_06,Yes
3411_07,No
3414_01,No
3416_01,No
3427_01,Yes
3429_01,Yes
3435_01,No
3436_01,Yes
3448_01,Yes
3448_02,No
3451_01,No
3452_01,No
3457_01,Yes
3460_01,No
3463_01,No
3466_01,No
3471_01,No
3472_01,Yes
3477_01,No
3477_02,Yes
3479_01,No
3481_01,No
3482_01,No
3482_02,Yes
3493_01,Yes
3494_01,No
3494_02,Yes
3498_01,No
3500_01,No
3502_01,No
3503_01,Yes
3505_01,No
3507_01,No
3508_01,No
3508_02,Yes
3509_01,Yes
3509_02,No
3510_01,Yes
3513_01,Yes
3513_02,Yes
3513_03,No
3513_04,Yes
3516_01,No
3517_01,No
3522_01,Yes
3524_01,No
3526_01,No
3529_01,Yes
3532_01,Yes
3538_01,No
3541_01,No
3544_01,No
3544_02,No
3545_01,No
3549_01,No
3549_02,Yes
3551_01,No
3554_01,No
3557_01,No
3571_01,Yes
3574_01,No
3575_01,No
3580_01,Yes
3580_02,Yes
3581_01,No
3583_01,No
3585_01,Yes
3587_01,Yes
3587_02,No
3587_03,Yes
3589_01,No
3589_02,Yes
3589_03,Yes
3589_04,Yes
3589_05,No
3589_06,Yes
3589_07,Yes
3590_01,No
3593_01,Yes
3599_01,Yes
3601_01,No
3601_02,Yes
3601_03,Yes
3601_04,Yes
3601_05,Yes
3601_06,No
3601_07,Yes
3603_01,Yes
3603_02,Yes
3604_01,Yes
3611_01,No
3617_01,No
3617_02,Yes
3617_03,No
3618_01,Yes
3618_02,No
3618_03,Yes
3618_04,No
3621_01,No
3621_02,No
3623_01,Yes
3627_01,Yes
3632_01,No
3633_01,No
3635_01,Yes
3635_02,No
3637_01,No
3638_01,No
3643_01,Yes
3646_01,No
3646_02,No
3649_01,No
3651_01,Yes
3656_01,Yes
3656_02,No
3657_01,Yes
3657_02,Yes
3657_03,Yes
3659_01,Yes
3659_02,Yes
3659_03,Yes
3659_04,Yes
3659_05,No
3659_06,No
3659_07,Yes
3661_01,No
3663_01,Yes
3666_01,Yes
3669_01,No
3670_01,Yes
3672_01,No
3672_02,No
3673_01,Yes
3675_01,No
3675_02,Yes
3675_03,Yes
3676_01,Yes
3683_01,Yes
3683_02,Yes
3684_01,Yes
3684_02,Yes
3685_01,Yes
3687_01,Yes
3689_01,No
3694_01,Yes
3695_01,No
3696_01,Yes
3697_01,No
3698_01,No
3701_01,Yes
3701_02,Yes
3701_03,Yes
3709_01,Yes
3712_01,Yes
3712_02,Yes
3712_03,Yes
3712_04,Yes
3712_05,Yes
3717_01,No
3717_02,Yes
3718_01,Yes
3720_01,Yes
3720_02,Yes
3720_03,Yes
3721_01,No
3722_01,No
3723_01,No
3725_01,Yes
3727_01,No
3730_01,Yes
3731_01,Yes
3738_01,Yes
3740_01,No
3746_01,No
3746_02,Yes
3746_03,Yes
3746_04,Yes
3762_01,Yes
3763_01,No
3764_01,Yes
3764_02,Yes
3766_01,Yes
3766_02,Yes
3780_01,Yes
3782_01,No
3782_02,No
3791_01,No
3792_01,Yes
3794_01,Yes
3799_01,No
3800_01,No
3802_01,No
3806_01,Yes
3808_01,Yes
3809_01,No
3809_02,No
3813_01,Yes
3819_01,No
3825_01,No
3827_01,No
3828_01,Yes
3828_02,No
3828_03,Yes
3829_01,Yes
3829_02,Yes
3833_01,Yes
3834_01,Yes
3837_01,No
3840_01,No
3843_01,Yes
3844_01,No
3844_02,Yes
3845_01,Yes
3855_01,Yes
3858_01,Yes
3858_02,Yes
3858_03,No
3858_04,No
3859_01,Yes
3860_01,Yes
3861_01,No
3863_01,No
3865_01,Yes
3869_01,Yes
3876_01,Yes
3876_02,No
3876_03,Yes
3877_01,No
3878_01,No
3880_01,Yes
3881_01,No
3882_01,Yes
3884_01,No
3885_01,No
3887_01,Yes
3889_01,No
3889_02,No
3891_01,Yes
3892_01,Yes
3892_02,No
3893_01,No
3893_02,Yes
3893_03,No
3900_01,No
3901_01,Yes
3902_01,Yes
3905_01,Yes
3906_01,No
3906_02,No
3908_01,Yes
3908_02,Yes
3910_01,Yes
3914_01,No
3918_01,No
3920_01,No
3925_01,No
3925_02,No
3929_01,Yes
3934_01,Yes
3934_02,No
3943_01,Yes
3943_02,Yes
3943_03,No
3947_01,No
3951_01,No
3953_01,Yes
3956_01,No
3957_01,Yes
3965_01,No
3969_01,No
3972_01,Yes
3975_01,No
3978_01,No
3979_01,No
3982_01,No
3983_01,No
3989_01,Yes
3989_02,Yes
3989_03,Yes
3989_04,Yes
3990_01,Yes
3993_01,No
4004_01,No
4007_01,No
4011_01,No
4012_01,Yes
4012_02,Yes
4015_01,Yes
4015_02,No
4024_01,Yes
4025_01,Yes
4028_01,Yes
4029_01,Yes
4041_01,Yes
4048_01,Yes
4048_02,Yes
4048_03,Yes
4051_01,Yes
4052_01,Yes
4054_01,Yes
4054_02,Yes
4054_03,No
4056_01,No
4057_01,No
4059_01,Yes
4059_02,No
4062_01,No
4067_01,Yes
4070_01,Yes
4070_02,Yes
4070_03,Yes
4073_01,No
4073_02,Yes
4074_01,No
4077_01,No
4085_01,Yes
4086_01,No
4086_02,Yes
4086_03,Yes
4087_01,No
4088_01,Yes
4092_01,Yes
4094_01,No
4094_02,No
4100_01,Yes
4105_01,Yes
4111_01,Yes
4117_01,No
4118_01,No
4119_01,No
4121_01,No
4122_01,Yes
4123_01,No
4124_01,Yes
4126_01,No
4133_01,Yes
4133_02,Yes
4136_01,Yes
4136_02,No
4138_01,No
4139_01,No
4146_01,Yes
4148_01,Yes
4153_01,No
4155_01,Yes
4157_01,No
4161_01,Yes
4162_01,Yes
4164_01,Yes
4180_01,Yes
4180_02,No
4187_01,No
4190_01,Yes
4192_01,No
4193_01,Yes
4195_01,No
4198_01,Yes
4200_01,No
4201_01,No
4202_01,Yes
4202_02,No
4209_01,No
4217_01,No
4224_01,No
4224_02,No
4226_01,Yes
4226_02,No
4227_01,Yes
4228_01,No
4234_01,No
4234_02,No
4235_01,No
4235_02,Yes
4236_01,Yes
4236_02,Yes
4241_01,Yes
4247_01,Yes
4247_02,No
4248_01,No
4248_02,No
4250_01,Yes
4263_01,Yes
4263_02,Yes
4263_03,Yes
4265_01,Yes
4268_01,Yes
4268_02,Yes
4269_01,Yes
4275_01,No
4276_01,No
4277_01,No
4279_01,No
4281_01,No
4282_01,Yes
4283_01,Yes
4284_01,Yes
4284_02,No
4285_01,Yes
4286_01,Yes
4286_02,No
4286_03,No
4287_01,Yes
4288_01,Yes
4288_02,No
4290_01,No
4298_01,No
4298_02,Yes
4298_03,Yes
4299_01,No
4304_01,No
4307_01,Yes
4308_01,Yes
4310_01,No
4313_01,No
4314_01,Yes
4321_01,Yes
4322_01,Yes
4323_01,Yes
4323_02,No
4323_03,Yes
4323_04,Yes
4325_01,Yes
4326_01,No
4328_01,Yes
4331_01,Yes
4341_01,Yes
4341_02,Yes
4342_01,Yes
4353_01,No
4355_01,Yes
4363_01,Yes
4374_01,No
4375_01,Yes
4377_01,Yes
4377_02,No
4377_03,Yes
4378_01,No
4378_02,No
4379_01,Yes
4380_01,No
4381_01,Yes
4381_02,No
4384_01,Yes
4385_01,No
4385_02,Yes
4385_03,Yes
4389_01,No
4394_01,No
4398_01,No
4406_01,No
4412_01,No
4414_01,Yes
4417_01,Yes
4418_01,No
4419_01,No
4419_02,No
4420_01,No
4420_02,No
4421_01,No
4423_01,No
4425_01,Yes
4425_02,Yes
4434_01,No
4435_01,Yes
4435_02,Yes
4439_01,Yes
4439_02,Yes
4442_01,Yes
4443_01,Yes
4443_02,Yes
4454_01,Yes
4455_01,No
4455_02,No
4455_03,Yes
4458_01,Yes
4460_01,Yes
4468_01,Yes
4471_01,No
4478_01,No
4480_01,No
4481_01,No
4484_01,No
4488_01,No
4489_01,No
4495_01,No
4499_01,Yes
4503_01,No
4504_01,Yes
4507_01,No
4513_01,Yes
4519_01,Yes
4520_01,No
4523_01,Yes
4523_02,Yes
4523_03,No
4523_04,Yes
4523_05,Yes
4523_06,Yes
4525_01,No
4526_01,Yes
4527_01,No
4528_01,Yes
4536_01,No
4540_01,Yes
4541_01,No
4545_01,No
4548_01,Yes
4551_01,Yes
4551_02,Yes
4551_03,Yes
4551_04,Yes
4554_01,No
4556_01,No
4566_01,No
4578_01,No
4579_01,Yes
4582_01,Yes
4582_02,Yes
4582_03,Yes
4582_04,Yes
4582_05,Yes
4582_06,Yes
4582_07,Yes
4583_01,Yes
4583_02,Yes
4583_03,Yes
4584_01,No
4588_01,No
4589_01,Yes
4590_01,No
4598_01,No
4599_01,Yes
4600_01,Yes
4600_02,Yes
4601_01,No
4614_01,No
4614_02,No
4616_01,No
4618_01,No
4619_01,Yes
4626_01,Yes
4626_02,No
4627_01,No
4629_01,No
4636_01,Yes
4639_01,Yes
4639_02,Yes
4639_03,No
4639_04,No
4639_05,Yes
4639_06,No
4647_01,Yes
4660_01,Yes
4666_01,No
4669_01,Yes
4670_01,Yes
4671_01,Yes
4671_02,Yes
4671_03,Yes
4671_04,Yes
4674_01,No
4675_01,Yes
4675_02,No
4681_01,No
4682_01,No
4683_01,Yes
4683_02,No
4685_01,Yes
4687_01,No
4688_01,No
4692_01,No
4697_01,Yes
4698_01,Yes
4700_01,Yes
4701_01,Yes
4701_02,Yes
4701_03,Yes
4701_04,Yes
4702_01,Yes
4702_02,No
4703_01,Yes
4703_02,Yes
4705_01,Yes
4705_02,No
4707_01,No
4707_02,No
4715_01,No
4716_01,No
4718_01,Yes
4722_01,No
4724_01,Yes
4727_01,No
4727_02,Yes
4729_01,No
4731_01,Yes
4734_01,No
4735_01,No
4736_01,Yes
4737_01,No
4740_01,Yes
4742_01,No
4745_01,Yes
4747_01,Yes
4747_02,No
4749_01,No
4751_01,No
4760_01,No
4761_01,Yes
4761_02,Yes
4761_03,Yes
4765_01,Yes
4766_01,Yes
4767_01,Yes
4768_01,Yes
4768_02,Yes
4771_01,Yes
4776_01,Yes
4776_02,Yes
4776_03,Yes
4776_04,Yes
4779_01,No
4781_01,No
4789_01,Yes
4799_01,No
4799_02,No
4799_03,No
4800_01,No
4802_01,Yes
4802_02,No
4805_01,Yes
4806_01,Yes
4809_01,No
4811_01,Yes
4812_01,Yes
4816_01,No
4820_01,Yes
4820_02,No
4821_01,No
4824_01,Yes
4825_01,Yes
4826_01,Yes
4833_01,No
4833_02,No
4834_01,Yes
4835_01,No
4839_01,No
4843_01,No
4843_02,No
4844_01,No
4849_01,Yes
4852_01,Yes
4854_01,Yes
4855_01,Yes
4855_02,Yes
4858_01,No
4859_01,Yes
4860_01,No
4861_01,No
4865_01,No
4867_01,No
4869_01,No
4872_01,No
4877_01,No
4894_01,Yes
4905_01,Yes
4906_01,No
4907_01,Yes
4908_01,No
4914_01,No
4919_01,No
4921_01,No
4922_01,Yes
4926_01,No
4928_01,No
4931_01,Yes
4935_01,No
4935_02,Yes
4935_03,No
4936_01,No
4947_01,No
4948_01,No
4949_01,Yes
4949_02,No
4953_01,Yes
4955_01,No
4957_01,Yes
4959_01,Yes
4960_01,No
4962_01,Yes
4966_01,Yes
4966_02,Yes
4967_01,No
4968_01,Yes
4969_01,Yes
4969_02,No
4971_01,Yes
4976_01,No
4982_01,Yes
4984_01,No
4984_02,No
4985_01,Yes
4986_01,No
4988_01,Yes
4993_01,Yes
4994_01,No
5001_01,Yes
5002_01,Yes
5011_01,Yes
5022_01,No
5024_01,Yes
5024_02,No
5024_03,Yes
5024_04,No
5024_05,Yes
5026_01,Yes
5029_01,Yes
5029_02,Yes
5030_01,No
5031_01,No
5031_02,No
5033_01,No
5033_02,No
5037_01,Yes
5038_01,No
5038_02,Yes
5041_01,No
5043_01,Yes
5043_02,Yes
5043_03,Yes
5045_01,Yes
5046_01,Yes
5047_01,Yes
5049_01,No
5053_01,No
5054_01,No
5055_01,Yes
5056_01,Yes
5056_02,Yes
5066_01,Yes
5071_01,No
5075_01,No
5077_01,No
5078_01,No
5079_01,Yes
5081_01,Yes
5082_01,No
5086_01,Yes
5086_02,Yes
5092_01,No
5094_01,Yes
5094_02,No
5096_01,No
5096_02,No
5098_01,No
5098_02,Yes
5098_03,Yes
5099_01,No
5100_01,Yes
5101_01,Yes
5102_01,No
5107_01,No
5110_01,Yes
5113_01,No
5114_01,Yes
5117_01,No
5118_01,No
5119_01,No
5121_01,No
5123_01,No
5131_01,No
5131_02,Yes
5134_01,No
5135_01,No
5139_01,No
5141_01,Yes
5143_01,Yes
5147_01,Yes
5149_01,No
5149_02,Yes
5150_01,Yes
5153_01,Yes
5155_01,No
5159_01,Yes
5159_02,No
5164_01,Yes
5164_02,Yes
5168_01,No
5169_01,No
5172_01,No
5178_01,Yes
5183_01,No
5189_01,Yes
5191_01,No
5195_01,No
5200_01,No
5203_01,Yes
5203_02,Yes
5212_01,No
5215_01,No
5219_01,Yes
5219_02,No
5222_01,Yes
5228_01,No
5228_02,Yes
5231_01,No
5232_01,No
5232_02,No
5233_01,No
5237_01,Yes
5241_01,Yes
5241_02,Yes
5245_01,Yes
5259_01,No
5261_01,No
5263_01,No
5267_01,Yes
5267_02,Yes
5267_03,Yes
5270_01,Yes
5283_01,No
5284_01,Yes
5285_01,Yes
5286_01,No
5289_01,Yes
5293_01,No
5293_02,No
5294_01,No
5295_01,No
5296_01,No
5302_01,Yes
5306_01,No
5306_02,Yes
5308_01,Yes
5308_02,Yes
5308_03,No
5309_01,Yes
5311_01,Yes
5317_01,No
5317_02,Yes
5318_01,Yes
5318_02,Yes
5319_01,No
5321_01,No
5324_01,No
5328_01,Yes
5329_01,No
5329_02,Yes
5329_03,Yes
5329_04,Yes
5329_05,No
5329_06,Yes
5329_07,Yes
5332_01,Yes
5335_01,Yes
5335_02,Yes
5335_03,No
5335_04,Yes
5336_01,Yes
5338_01,Yes
5339_01,No
5339_02,Yes
5339_03,Yes
5342_01,No
5349_01,Yes
5352_01,Yes
5357_01,Yes
5357_02,Yes
5357_03,No
5357_04,No
5358_01,Yes
5364_01,Yes
5369_01,Yes
5369_02,No
5369_03,Yes
5370_01,No
5371_01,Yes
5371_02,No
5371_03,Yes
5371_04,Yes
5373_01,No
5376_01,Yes
5376_02,Yes
5377_01,Yes
5381_01,No
5382_01,Yes
5382_02,Yes
5386_01,Yes
5391_01,No
5393_01,No
5398_01,Yes
5399_01,No
5400_01,Yes
5403_01,No
5405_01,No
5407_01,Yes
5409_01,No
5417_01,No
5419_01,No
5426_01,Yes
5428_01,No
5428_02,Yes
5429_01,No
5432_01,Yes
5433_01,Yes
5439_01,No
5442_01,No
5444_01,No
5448_01,No
5449_01,No
5456_01,No
5460_01,No
5461_01,No
5464_01,No
5473_01,Yes
5473_02,No
5481_01,Yes
5482_01,No
5482_02,No
5486_01,Yes
5493_01,Yes
5495_01,Yes
5498_01,Yes
5498_02,Yes
5502_01,Yes
5503_01,No
5505_01,No
5505_02,No
5505_03,Yes
5513_01,Yes
5513_02,Yes
5513_03,No
5513_04,Yes
5516_01,No
5518_01,No
5519_01,No
5525_01,No
5532_01,Yes
5533_01,No
5534_01,Yes
5542_01,No
5547_01,Yes
5548_01,Yes
5549_01,Yes
5553_01,Yes
5553_02,Yes
5554_01,Yes
5558_01,No
5562_01,Yes
5562_02,Yes
5564_01,No
5565_01,No
5567_01,No
5570_01,Yes
5576_01,No
5577_01,Yes
5577_02,No
5577_03,Yes
5577_04,Yes
5577_05,Yes
5579_01,Yes
5584_01,Yes
5584_02,No
5588_01,No
5588_02,Yes
5588_03,Yes
5588_04,Yes
5588_05,Yes
5590_01,Yes
5593_01,No
5597_01,Yes
5600_01,Yes
5604_01,No
5605_01,No
5607_01,Yes
5612_01,Yes
5617_01,No
5620_01,Yes
5620_02,No
5621_01,No
5624_01,Yes
5630_01,No
5632_01,Yes
5633_01,No
5634_01,Yes
5635_01,No
5636_01,No
5638_01,Yes
5641_01,Yes
5649_01,Yes
5654_01,No
5656_01,No
5657_01,No
5658_01,No
5660_01,No
5664_01,Yes
5664_02,Yes
5664_03,Yes
5664_04,Yes
5665_01,No
5666_01,No
5668_01,Yes
5669_01,Yes
5670_01,Yes
5672_01,Yes
5675_01,Yes
5676_01,No
5678_01,Yes
5678_02,Yes
5682_01,Yes
5683_01,No
5690_01,No
5691_01,Yes
5694_01,Yes
5697_01,Yes
5699_01,Yes
5703_01,No
5708_01,Yes
5715_01,Yes
5715_02,Yes
5720_01,Yes
5720_02,No
5731_01,No
5731_02,Yes
5734_01,Yes
5734_02,No
5741_01,No
5743_01,No
5745_01,Yes
5749_01,No
5752_01,No
5753_01,No
5754_01,No
5759_01,Yes
5760_01,No
5762_01,No
5766_01,Yes
5770_01,Yes
5774_01,No
5775_01,Yes
5782_01,No
5782_02,No
5782_03,Yes
5782_04,Yes
5784_01,Yes
5787_01,No
5787_02,Yes
5787_03,Yes
5789_01,Yes
5789_02,Yes
5797_01,Yes
5798_01,No
5801_01,No
5803_01,Yes
5805_01,No
5807_01,No
5815_01,No
5815_02,No
5815_03,No
5815_04,No
5830_01,No
5832_01,No
5833_01,Yes
5838_01,Yes
5841_01,Yes
5841_02,Yes
5841_03,Yes
5845_01,Yes
5850_01,Yes
5851_01,No
5851_02,Yes
5853_01,No
5862_01,No
5864_01,No
5865_01,No
5866_01,Yes
5870_01,Yes
5872_01,Yes
5873_01,No
5873_02,Yes
5873_03,No
5881_01,Yes
5883_01,Yes
5884_01,No
5892_01,No
5893_01,No
5893_02,Yes
5895_01,No
5896_01,No
5899_01,No
5904_01,Yes
5904_02,No
5910_01,No
5911_01,Yes
5911_02,No
5911_03,No
5911_04,Yes
5911_05,Yes
5911_06,Yes
5914_01,Yes
5917_01,Yes
5918_01,Yes
5926_01,Yes
5929_01,Yes
5932_01,No
5935_01,No
5936_01,Yes
5936_02,Yes
5936_03,No
5936_04,Yes
5936_05,No
5937_01,Yes
5940_01,No
5942_01,Yes
5942_02,Yes
5943_01,No
5948_01,No
5958_01,No
5961_01,Yes
5961_02,Yes
5962_01,Yes
5964_01,Yes
5964_02,Yes
5966_01,Yes
5966_02,Yes
5978_01,No
5978_02,Yes
5979_01,Yes
5982_01,No
5996_01,Yes
5997_01,Yes
5997_02,Yes
6002_01,Yes
6005_01,Yes
6005_02,Yes
6005_03,Yes
6005_04,No
6005_05,Yes
6009_01,No
6009_02,No
6012_01,No
6013_01,Yes
6018_01,No
6021_01,Yes
6023_01,No
6037_01,Yes
6044_01,No
6044_02,Yes
6046_01,Yes
6050_01,Yes
6051_01,No
6051_02,No
6053_01,No
6056_01,No
6057_01,No
6060_01,No
6063_01,Yes
6072_01,No
6074_01,Yes
6074_02,Yes
6074_03,Yes
6078_01,Yes
6079_01,Yes
6081_01,Yes
6081_02,No
6081_03,Yes
6081_04,Yes
6083_01,No
6084_01,Yes
6088_01,Yes
6089_01,Yes
6093_01,Yes
6097_01,No
6100_01,No
6104_01,Yes
6113_01,No
6114_01,No
6119_01,Yes
6119_02,Yes
6119_03,Yes
6125_01,No
6129_01,No
6131_01,No
6134_01,Yes
6140_01,Yes
6142_01,No
6142_02,Yes
6144_01,Yes
6147_01,No
6151_01,No
6151_02,Yes
6154_01,Yes
6159_01,Yes
6160_01,No
6160_02,Yes
6161_01,Yes
6164_01,Yes
6165_01,Yes
6177_01,No
6183_01,No
6185_01,No
6187_01,Yes
6188_01,Yes
6190_01,Yes
6193_01,Yes
6193_02,Yes
6193_03,No
6193_04,No
6195_01,No
6196_01,Yes
6197_01,Yes
6198_01,No
6202_01,Yes
6203_01,No
6204_01,Yes
6209_01,No
6209_02,Yes
6210_01,Yes
6212_01,Yes
6214_01,Yes
6217_01,Yes
6217_02,No
6221_01,Yes
6226_01,No
6231_01,Yes
6231_02,Yes
6231_03,No
6233_01,No
6233_02,No
6233_03,Yes
6235_01,Yes
6240_01,Yes
6242_01,Yes
6244_01,No
6244_02,Yes
6247_01,No
6255_01,Yes
6257_01,Yes
6257_02,No
6257_03,Yes
6258_01,Yes
6259_01,Yes
6260_01,No
6260_02,No
6261_01,Yes
6261_02,Yes
6267_01,No
6267_02,Yes
6267_03,Yes
6267_04,Yes
6267_05,Yes
6267_06,Yes
6269_01,No
6269_02,No
6269_03,Yes
6272_01,No
6272_02,Yes
6275_01,Yes
6278_01,Yes
6278_02,Yes
6284_01,Yes
6286_01,No
6286_02,Yes
6287_01,No
6287_02,No
6288_01,Yes
6288_02,No
6288_03,Yes
6288_04,Yes
6291_01,No
6294_01,Yes
6295_01,Yes
6295_02,No
6298_01,Yes
6303_01,No
6306_01,Yes
6307_01,No
6310_01,No
6311_01,Yes
6312_01,Yes
6312_02,No
6314_01,No
6329_01,No
6332_01,Yes
6332_02,Yes
6332_03,Yes
6332_04,No
6332_05,No
6332_06,Yes
6332_07,Yes
6332_08,No
6333_01,No
6336_01,Yes
6337_01,Yes
6342_01,Yes
6342_02,No
6345_01,Yes
6345_02,Yes
6350_01,Yes
6352_01,Yes
6352_02,Yes
6358_01,Yes
6358_02,Yes
6359_01,No
6362_01,No
6364_01,Yes
6375_01,No
6377_01,Yes
6379_01,No
6382_01,No
6383_01,Yes
6383_02,Yes
6383_03,No
6384_01,No
6386_01,Yes
6387_01,No
6389_01,No
6391_01,Yes
6391_02,Yes
6392_01,Yes
6393_01,Yes
6395_01,Yes
6401_01,Yes
6401_02,No
6403_01,No
6410_01,No
6410_02,No
6417_01,Yes
6420_01,Yes
6423_01,No
6425_01,No
6425_02,Yes
6426_01,No
6427_01,Yes
6429_01,Yes
6435_01,No
6438_01,No
6440_01,Yes
6441_01,No
6445_01,No
6460_01,Yes
6465_01,Yes
6466_01,No
6467_01,No
6469_01,Yes
6474_01,No
6476_01,No
6479_01,Yes
6479_02,No
6483_01,Yes
6484_01,Yes
6486_01,Yes
6491_01,No
6491_02,No
6491_03,Yes
6495_01,No
6496_01,Yes
6496_02,Yes
6497_01,Yes
6498_01,Yes
6499_01,Yes
6499_02,No
6499_03,Yes
6499_04,Yes
6499_05,No
6499_06,Yes
6499_07,Yes
6499_08,Yes
6504_01,Yes
6504_02,Yes
6505_01,No
6506_01,No
6506_02,No
6507_01,Yes
6515_01,Yes
6516_01,Yes
6516_02,Yes
6518_01,Yes
6519_01,No
6521_01,No
6524_01,No
6527_01,Yes
6528_01,Yes
6532_01,No
6533_01,Yes
6533_02,No
6534_01,No
6536_01,No
6537_01,No
6538_01,No
6542_01,No
6543_01,Yes
6550_01,No
6551_01,Yes
6554_01,Yes
6555_01,Yes
6559_01,Yes
6559_02,Yes
6559_03,No
6564_01,Yes
6564_02,Yes
6566_01,No
6571_01,No
6575_01,Yes
6576_01,Yes
6577_01,No
6577_02,No
6577_03,Yes
6579_01,Yes
6581_01,No
6584_01,Yes
6586_01,No
6587_01,Yes
6589_01,Yes
6596_01,Yes
6596_02,No
6597_01,No
6600_01,Yes
6600_02,No
6605_01,Yes
6605_02,Yes
6607_01,No
6610_01,Yes
6612_01,No
6612_02,No
6612_03,No
6612_04,Yes
6612_05,Yes
6612_06,Yes
6615_01,Yes
6617_01,Yes
6617_02,Yes
6617_03,Yes
6619_01,No
6627_01,Yes
6629_01,Yes
6632_01,No
6636_01,Yes
6640_01,Yes
6644_01,No
6648_01,Yes
6651_01,No
6653_01,Yes
6657_01,Yes
6658_01,No
6658_02,No
6658_03,No
6661_01,Yes
6666_01,No
6677_01,Yes
6678_01,No
6678_02,Yes
6679_01,No
6682_01,Yes
6682_02,No
6685_01,No
6686_01,No
6687_01,No
6688_01,Yes
6689_01,No
6689_02,No
6690_01,Yes
6695_01,No
6696_01,Yes
6700_01,Yes
6700_02,No
6701_01,Yes
6703_01,No
6704_01,Yes
6705_01,No
6710_01,Yes
6712_01,No
6714_01,No
6715_01,No
6716_01,No
6717_01,Yes
6723_01,Yes
6728_01,Yes
6732_01,No
6733_01,Yes
6735_01,No
6737_01,No
6738_01,No
6738_02,Yes
6740_01,No
6743_01,Yes
6752_01,No
6752_02,No
6752_03,No
6755_01,No
6759_01,Yes
6767_01,No
6767_02,No
6768_01,No
6769_01,Yes
6770_01,Yes
6770_02,Yes
6770_03,Yes
6771_01,No
6772_01,Yes
6772_02,No
6777_01,Yes
6781_01,Yes
6783_01,Yes
6785_01,Yes
6790_01,No
6791_01,Yes
6793_01,Yes
6793_02,Yes
6795_01,No
6797_01,No
6803_01,No
6804_01,No
6807_01,Yes
6807_02,Yes
6809_01,No
6811_01,Yes
6812_01,No
6812_02,No
6815_01,No
6819_01,No
6819_02,Yes
6819_03,Yes
6823_01,Yes
6828_01,Yes
6830_01,Yes
6835_01,Yes
6835_02,Yes
6836_01,No
6838_01,Yes
6838_02,No
6838_03,No
6842_01,No
6845_01,Yes
6846_01,No
6847_01,No
6849_01,No
6852_01,No
6852_02,No
6855_01,Yes
6856_01,No
6860_01,No
6867_01,Yes
6870_01,No
6872_01,Yes
6874_01,Yes
6875_01,Yes
6875_02,No
6875_03,Yes
6876_01,Yes
6876_02,Yes
6876_03,Yes
6877_01,No
6878_01,Yes
6881_01,No
6884_01,Yes
6886_01,Yes
6888_01,No
6888_02,Yes
6888_03,Yes
6888_04,No
6890_01,No
6897_01,No
6904_01,Yes
6904_02,Yes
6904_03,Yes
6909_01,Yes
6914_01,Yes
6916_01,Yes
6919_01,Yes
6922_01,Yes
6923_01,Yes
6927_01,No
6933_01,Yes
6933_02,Yes
6935_01,No
6936_01,No
6936_02,No
6936_03,Yes
6938_01,Yes
6941_01,Yes
6942_01,Yes
6948_01,Yes
6952_01,Yes
6953_01,Yes
6955_01,No
6956_01,No
6958_01,No
6959_01,No
6959_02,Yes
6959_03,Yes
6961_01,No
6961_02,No
6965_01,Yes
6969_01,No
6974_01,No
6975_01,No
6983_01,Yes
6983_02,No
6986_01,Yes
6986_02,No
6986_03,Yes
6986_04,Yes
6986_05,Yes
6986_06,Yes
6986_07,Yes
6986_08,Yes
6989_01,Yes
6993_01,No
7000_01,Yes
7003_01,No
7009_01,No
7009_02,No
7012_01,Yes
7023_01,No
7024_01,Yes
7030_01,No
7033_01,No
7035_01,Yes
7043_01,Yes
7046_01,No
7046_02,No
7046_03,No
7054_01,Yes
7054_02,Yes
7055_01,Yes
7063_01,No
7063_02,No
7064_01,Yes
7065_01,Yes
7066_01,No
7066_02,Yes
7067_01,Yes
7067_02,Yes
7067_03,No
7070_01,Yes
7075_01,No
7076_01,Yes
7081_01,Yes
7081_02,Yes
7100_01,Yes
7100_02,No
7101_01,No
7101_02,No
7102_01,Yes
7103_01,No
7103_02,Yes
7107_01,Yes
7108_01,No
7112_01,Yes
7115_01,Yes
7122_01,Yes
7123_01,No
7124_01,Yes
7124_02,Yes
7124_03,Yes
7125_01,Yes
7129_01,No
7130_01,Yes
7130_02,Yes
7130_03,No
7130_04,No
7130_05,Yes
7130_06,Yes
7130_07,No
7131_01,Yes
7135_01,Yes
7135_02,Yes
7135_03,Yes
7135_04,Yes
7136_01,Yes
7138_01,No
7139_01,No
7141_01,No
7145_01,No
7146_01,No
7147_01,Yes
7150_01,No
7150_02,Yes
7153_01,No
7154_01,No
7158_01,No
7163_01,Yes
7163_02,Yes
7163_03,No
7164_01,No
7169_01,Yes
7172_01,No
7172_02,No
7174_01,No
7178_01,Yes
7183_01,Yes
7185_01,Yes
7195_01,Yes
7196_01,Yes
7198_01,Yes
7201_01,No
7204_01,No
7209_01,Yes
7209_02,Yes
7211_01,No
7212_01,Yes
7213_01,Yes
7220_01,No
7222_01,Yes
7223_01,Yes
7228_01,Yes
7231_01,No
7237_01,Yes
7239_01,Yes
7241_01,Yes
7241_02,No
7243_01,Yes
7243_02,Yes
7243_03,Yes
7243_04,No
7243_05,Yes
7244_01,Yes
7245_01,Yes
7248_01,No
7248_02,Yes
7251_01,Yes
7254_01,No
7262_01,No
7263_01,No
7264_01,No
7265_01,No
7266_01,No
7266_02,Yes
7266_03,Yes
7269_01,No
7269_02,Yes
7272_01,Yes
7275_01,Yes
7281_01,No
7282_01,Yes
7286_01,No
7287_01,Yes
7288_01,No
7291_01,Yes
7293_01,Yes
7294_01,No
7295_01,Yes
7295_02,No
7299_01,Yes
7308_01,Yes
7312_01,Yes
7315_01,Yes
7316_01,Yes
7317_01,No
7318_01,No
7319_01,No
7319_02,Yes
7319_03,Yes
7325_01,No
7329_01,Yes
7329_02,Yes
7329_03,Yes
7333_01,No
7335_01,Yes
7345_01,No
7348_01,No
7348_02,Yes
7348_03,Yes
7349_01,No
7352_01,No
7354_01,Yes
7354_02,Yes
7354_03,Yes
7354_04,No
7354_05,Yes
7354_06,Yes
7355_01,No
7357_01,Yes
7362_01,No
7363_01,Yes
7364_01,Yes
7368_01,Yes
7369_01,No
7373_01,Yes
7373_02,Yes
7375_01,Yes
7378_01,No
7380_01,No
7380_02,Yes
7380_03,No
7380_04,Yes
7381_01,Yes
7382_01,Yes
7383_01,Yes
7383_02,No
7384_01,No
7386_01,Yes
7389_01,Yes
7397_01,No
7400_01,No
7404_01,Yes
7407_01,Yes
7409_01,No
7409_02,Yes
7412_01,Yes
7413_01,Yes
7413_02,Yes
7414_01,No
7415_01,No
7417_01,No
7417_02,No
7420_01,No
7421_01,Yes
7421_02,Yes
7423_01,No
7423_02,Yes
7424_01,No
7426_01,Yes
7426_02,Yes
7426_03,Yes
7433_01,Yes
7434_01,No
7439_01,No
7439_02,Yes
7440_01,No
7441_01,Yes
7443_01,Yes
7451_01,No
7454_01,No
7463_01,No
7465_01,Yes
7466_01,No
7467_01,No
7468_01,Yes
7469_01,No
7470_01,Yes
7471_01,Yes
7471_02,No
7473_01,No
7473_02,Yes
7474_01,Yes
7476_01,Yes
7480_01,No
7482_01,Yes
7482_02,No
7489_01,Yes
7489_02,No
7489_03,No
7491_01,Yes
7493_01,Yes
7497_01,Yes
7511_01,Yes
7516_01,Yes
7519_01,No
7526_01,Yes
7528_01,Yes
7528_02,Yes
7528_03,No
7528_04,Yes
7530_01,Yes
7530_02,No
7530_03,No
7530_04,No
7532_01,Yes
7537_01,Yes
7539_01,Yes
7539_02,Yes
7540_01,No
7541_01,Yes
7541_02,Yes
7541_03,Yes
7546_01,Yes
7547_01,Yes
7548_01,No
7551_01,Yes
7554_01,Yes
7555_01,No
7556_01,Yes
7556_02,Yes
7556_03,No
7556_04,Yes
7557_01,No
7557_02,Yes
7557_03,No
7558_01,No
7558_02,Yes
7562_01,No
7564_01,No
7566_01,No
7570_01,Yes
7570_02,No
7571_01,No
7575_01,No
7581_01,No
7582_01,Yes
7582_02,Yes
7582_03,Yes
7582_04,Yes
7582_05,Yes
7587_01,Yes
7589_01,Yes
7590_01,Yes
7591_01,Yes
7591_02,Yes
7593_01,Yes
7597_01,Yes
7597_02,Yes
7597_03,No
7597_04,Yes
7597_05,No
7597_06,Yes
7597_07,No
7600_01,Yes
7600_02,No
7602_01,Yes
7603_01,Yes
7607_01,No
7610_01,Yes
7610_02,Yes
7611_01,No
7611_02,No
7612_01,No
7612_02,Yes
7613_01,Yes
7615_01,No
7617_01,No
7619_01,Yes
7629_01,No
7629_02,Yes
7629_03,Yes
7636_01,No
7637_01,Yes
7637_02,No
7637_03,Yes
7638_01,Yes
7642_01,Yes
7645_01,Yes
7648_01,Yes
7651_01,Yes
7653_01,No
7654_01,Yes
7655_01,Yes
7657_01,No
7658_01,Yes
7659_01,No
7662_01,Yes
7663_01,Yes
7664_01,No
7668_01,No
7672_01,No
7673_01,No
7674_01,No
7675_01,No
7681_01,Yes
7685_01,Yes
7686_01,Yes
7695_01,Yes
7701_01,No
7704_01,Yes
7706_01,Yes
7718_01,Yes
7722_01,Yes
7725_01,Yes
7726_01,Yes
7730_01,No
7732_01,No
7733_01,No
7734_01,Yes
7735_01,No
7737_01,Yes
7740_01,Yes
7740_02,Yes
7745_01,Yes
7750_01,No
7756_01,Yes
7758_01,No
7759_01,Yes
7762_01,No
7765_01,Yes
7765_02,Yes
7765_03,Yes
7766_01,No
7772_01,Yes
7779_01,Yes
7781_01,No
7792_01,Yes
7792_02,Yes
7792_03,Yes
7792_04,No
7792_05,Yes
7794_01,No
7795_01,No
7795_02,Yes
7796_01,No
7798_01,No
7798_02,Yes
7799_01,Yes
7804_01,No
7807_01,Yes
7811_01,Yes
7814_01,Yes
7817_01,No
7819_01,Yes
7822_01,No
7823_01,Yes
7825_01,No
7825_02,Yes
7825_03,No
7826_01,Yes
7827_01,Yes
7836_01,No
7838_01,Yes
7844_01,No
7846_01,No
7846_02,Yes
7854_01,Yes
7855_01,No
7857_01,Yes
7860_01,No
7862_01,Yes
7867_01,No
7869_01,No
7874_01,No
7874_02,Yes
7876_01,Yes
7880_01,Yes
7880_02,No
7887_01,Yes
7893_01,Yes
7893_02,Yes
7893_03,Yes
7893_04,Yes
7893_05,Yes
7896_01,Yes
7898_01,No
7900_01,No
7906_01,No
7909_01,No
7909_02,No
7911_01,Yes
7912_01,No
7915_01,Yes
7915_02,No
7915_03,Yes
7917_01,Yes
7921_01,Yes
7921_02,No
7923_01,Yes
7925_01,Yes
7927_01,Yes
7927_02,Yes
7927_03,No
7928_01,No
7931_01,No
7932_01,Yes
7933_01,Yes
7934_01,Yes
7934_02,Yes
7934_03,Yes
7938_01,No
7942_01,No
7942_02,Yes
7948_01,No
7951_01,Yes
7953_01,No
7956_01,Yes
7959_01,No
7961_01,No
7963_01,Yes
7963_02,No
7963_03,Yes
7964_01,No
7965_01,Yes
7966_01,No
7969_01,Yes
7971_01,Yes
7971_02,No
7975_01,Yes
7977_01,No
7978_01,Yes
7978_02,No
7979_01,No
7980_01,No
7991_01,No
7991_02,Yes
7991_03,Yes
7991_04,Yes
7992_01,Yes
7997_01,Yes
7998_01,Yes
7998_02,Yes
7998_03,Yes
7998_04,Yes
8001_01,No
8002_01,No
8008_01,No
8009_01,Yes
8011_01,Yes
8013_01,Yes
8017_01,No
8022_01,Yes
8028_01,No
8033_01,No
8039_01,Yes
8039_02,Yes
8040_01,Yes
8041_01,No
8041_02,Yes
8044_01,Yes
8045_01,No
8047_01,Yes
8048_01,Yes
8051_01,Yes
8051_02,Yes
8061_01,Yes
8061_02,Yes
8062_01,No
8065_01,No
8070_01,No
8073_01,Yes
8074_01,No
8080_01,Yes
8090_01,Yes
8093_01,No
8095_01,No
8096_01,Yes
8099_01,Yes
8100_01,Yes
8101_01,Yes
8104_01,Yes
8109_01,Yes
8110_01,No
8111_01,Yes
8113_01,Yes
8113_02,Yes
8113_03,Yes
8113_04,No
8114_01,Yes
8125_01,Yes
8125_02,Yes
8126_01,No
8127_01,No
8132_01,No
8134_01,Yes
8142_01,Yes
8145_01,Yes
8146_01,Yes
8151_01,No
8154_01,Yes
8155_01,Yes
8160_01,No
8163_01,Yes
8166_01,No
8169_01,Yes
8170_01,Yes
8172_01,Yes
8174_01,No
8179_01,Yes
8180_01,No
8181_01,No
8181_02,No
8181_03,Yes
8183_01,No
8184_01,No
8185_01,No
8187_01,No
8188_01,No
8193_01,Yes
8195_01,Yes
8196_01,No
8196_02,Yes
8198_01,Yes
8201_01,Yes
8206_01,No
8215_01,Yes
8223_01,Yes
8228_01,No
8230_01,No
8234_01,No
8236_01,Yes
8240_01,Yes
8241_01,Yes
8245_01,Yes
8245_02,Yes
8246_01,Yes
8249_01,No
8250_01,Yes
8253_01,No
8256_01,No
8258_01,No
8262_01,No
8263_01,No
8269_01,Yes
8274_01,Yes
8278_01,Yes
8283_01,Yes
8284_01,Yes
8284_02,Yes
8285_01,No
8286_01,Yes
8290_01,No
8293_01,No
8296_01,No
8299_01,No
8304_01,No
8304_02,Yes
8304_03,Yes
8305_01,Yes
8305_02,Yes
8305_03,Yes
8308_01,No
8309_01,No
8311_01,No
8312_01,Yes
8325_01,Yes
8325_02,No
8327_01,No
8331_01,Yes
8337_01,No
8340_01,No
8340_02,Yes
8340_03,No
8347_01,Yes
8349_01,Yes
8350_01,No
8351_01,No
8352_01,No
8353_01,No
8355_01,Yes
8357_01,Yes
8357_02,Yes
8358_01,No
8359_01,No
8361_01,No
8361_02,No
8361_03,Yes
8361_04,Yes
8361_05,Yes
8364_01,Yes
8367_01,Yes
8370_01,Yes
8370_02,No
8372_01,Yes
8385_01,No
8385_02,No
8385_03,Yes
8387_01,Yes
8389_01,Yes
8391_01,Yes
8396_01,No
8399_01,No
8400_01,Yes
8400_02,Yes
8400_03,No
8402_01,Yes
8402_02,Yes
8402_03,Yes
8408_01,No
8408_02,Yes
8412_01,Yes
8413_01,Yes
8415_01,No
8417_01,Yes
8422_01,No
8424_01,No
8425_01,Yes
8425_02,Yes
8426_01,Yes
8426_02,No
8428_01,Yes
8434_01,Yes
8435_01,No
8436_01,No
8439_01,Yes
8440_01,No
8440_02,Yes
8440_03,No
8443_01,Yes
8443_02,No
8445_01,Yes
8445_02,Yes
8445_03,Yes
8446_01,No
8450_01,Yes
8450_02,No
8450_03,No
8453_01,Yes
8455_01,No
8461_01,No
8464_01,No
8464_02,No
8473_01,Yes
8473_02,No
8478_01,Yes
8478_02,No
8484_01,No
8485_01,Yes
8488_01,Yes
8490_01,No
8496_01,No
8497_01,No
8498_01,No
8499_01,Yes
8501_01,Yes
8505_01,No
8507_01,Yes
8510_01,No
8510_02,Yes
8513_01,No
8515_01,No
8517_01,No
8517_02,Yes
8518_01,Yes
8519_01,Yes
8520_01,No
8520_02,Yes
8525_01,Yes
8525_02,Yes
8526_01,No
8526_02,Yes
8527_01,Yes
8529_01,No
8531_01,Yes
8532_01,No
8533_01,Yes
8534_01,Yes
8534_02,Yes
8534_03,Yes
8534_04,No
8538_01,No
8543_01,Yes
8543_02,Yes
8543_03,Yes
8543_04,No
8543_05,No
8543_06,No
8543_07,Yes
8543_08,No
8546_01,Yes
8547_01,No
8550_01,No
8553_01,No
8555_01,Yes
8555_02,Yes
8555_03,Yes
8558_01,Yes
8562_01,No
8563_01,No
8564_01,No
8565_01,Yes
8565_02,Yes
8565_03,No
8567_01,No
8567_02,No
8567_03,No
8568_01,Yes
8568_02,Yes
8575_01,Yes
8576_01,Yes
8578_01,No
8579_01,Yes
8582_01,Yes
8583_01,No
8583_02,Yes
8590_01,No
8591_01,No
8593_01,No
8600_01,Yes
8601_01,No
8608_01,Yes
8621_01,Yes
8622_01,No
8625_01,No
8627_01,No
8630_01,Yes
8632_01,Yes
8632_02,Yes
8647_01,No
8648_01,Yes
8648_02,No
8648_03,Yes
8649_01,No
8651_01,No
8652_01,No
8655_01,No
8660_01,Yes
8662_01,Yes
8665_01,Yes
8666_01,Yes
8676_01,Yes
8677_01,No
8677_02,Yes
8677_03,Yes
8678_01,Yes
8678_02,No
8679_01,Yes
8682_01,No
8686_01,Yes
8689_01,Yes
8690_01,No
8690_02,Yes
8692_01,Yes
8692_02,No
8692_03,Yes
8697_01,Yes
8698_01,Yes
8699_01,Yes
8702_01,Yes
8705_01,Yes
8706_01,No
8707_01,No
8711_01,No
8713_01,No
8713_02,Yes
8715_01,Yes
8718_01,No
8724_01,No
8725_01,Yes
8726_01,No
8730_01,No
8731_01,No
8737_01,Yes
8738_01,Yes
8739_01,No
8740_01,No
8742_01,No
8745_01,No
8746_01,Yes
8747_01,Yes
8747_02,No
8748_01,No
8748_02,No
8756_01,No
8758_01,No
8758_02,Yes
8761_01,No
8763_01,No
8763_02,No
8763_03,Yes
8765_01,Yes
8767_01,No
8767_02,No
8768_01,Yes
8768_02,Yes
8768_03,No
8775_01,Yes
8777_01,No
8778_01,No
8778_02,Yes
8784_01,No
8788_01,No
8792_01,No
8793_01,No
8793_02,Yes
8793_03,Yes
8793_04,No
8793_05,Yes
8795_01,Yes
8800_01,Yes
8800_02,Yes
8800_03,Yes
8800_04,Yes
8800_05,Yes
8803_01,Yes
8804_01,No
8804_02,Yes
8804_03,Yes
8804_04,No
8804_05,No
8810_01,No
8814_01,Yes
8829_01,Yes
8832_01,No
8837_01,No
8839_01,Yes
8839_02,No
8846_01,No
8846_02,No
8847_01,Yes
8851_01,Yes
8855_01,No
8857_01,Yes
8859_01,No
8866_01,Yes
8870_01,Yes
8870_02,No
8873_01,No
8873_02,No
8873_03,Yes
8875_01,Yes
8875_02,No
8875_03,Yes
8877_01,Yes
8877_02,Yes
8879_01,Yes
8882_01,No
8887_01,Yes
8888_01,No
8893_01,Yes
8893_02,Yes
8895_01,Yes
8895_02,No
8898_01,No
8908_01,Yes
8909_01,No
8911_01,Yes
8912_01,Yes
8913_01,Yes
8913_02,Yes
8913_03,Yes
8914_01,No
8915_01,No
8916_01,Yes
8917_01,Yes
8921_01,Yes
8924_01,Yes
8925_01,Yes
8925_02,Yes
8925_03,Yes
8925_04,Yes
8925_05,Yes
8925_06,No
8927_01,Yes
8929_01,No
8931_01,No
8933_01,Yes
8934_01,No
8935_01,Yes
8936_01,No
8943_01,No
8946_01,Yes
8949_01,No
8950_01,No
8951_01,No
8952_01,No
8953_01,No
8957_01,No
8958_01,Yes
8960_01,Yes
8960_02,No
8960_03,Yes
8962_01,No
8963_01,Yes
8965_01,No
8971_01,Yes
8974_01,Yes
8979_01,No
8980_01,No
8980_02,No
8980_03,Yes
8980_04,No
8980_05,No
8980_06,Yes
8980_07,Yes
8984_01,No
8990_01,Yes
8991_01,Yes
8994_01,No
8994_02,Yes
8995_01,No
9000_01,No
9002_01,No
9005_01,Yes
9016_01,No
9016_02,No
9016_03,No
9016_04,Yes
9016_05,No
9017_01,Yes
9022_01,No
9022_02,Yes
9022_03,Yes
9025_01,No
9025_02,Yes
9027_01,No
9033_01,Yes
9039_01,Yes
9040_01,No
9044_01,No
9045_01,No
9045_02,Yes
9047_01,Yes
9050_01,Yes
9051_01,No
9053_01,Yes
9053_02,Yes
9054_01,Yes
9055_01,No
9056_01,No
9058_01,No
9062_01,No
9062_02,Yes
9063_01,Yes
9065_01,No
9067_01,No
9067_02,Yes
9070_01,No
9070_02,Yes
9082_01,No
9083_01,No
9083_02,Yes
9086_01,Yes
9086_02,No
9087_01,No
9088_01,Yes
9090_01,No
9091_01,No
9092_01,No
9093_01,No
9095_01,No
9096_01,Yes
9096_02,Yes
9100_01,No
9102_01,No
9105_01,Yes
9109_01,Yes
9113_01,No
9117_01,No
9121_01,Yes
9123_01,Yes
9133_01,Yes
9135_01,No
9138_01,No
9143_01,No
9143_02,No
9143_03,No
9146_01,No
9146_02,No
9146_03,Yes
9147_01,Yes
9153_01,Yes
9154_01,Yes
9155_01,No
9155_02,No
9155_03,Yes
9155_04,Yes
9162_01,Yes
9162_02,No
9162_03,No
9166_01,Yes
9171_01,Yes
9177_01,Yes
9177_02,Yes
9182_01,No
9187_01,Yes
9187_02,No
9191_01,Yes
9198_01,No
9200_01,No
9204_01,No
9206_01,Yes
9206_02,No
9206_03,Yes
9207_01,Yes
9209_01,Yes
9210_01,No
9212_01,No
9212_02,Yes
9214_01,No
9215_01,Yes
9216_01,No
9223_01,Yes
9223_02,Yes
9228_01,No
9229_01,No
9232_01,No
9236_01,Yes
9238_01,Yes
9238_02,Yes
9238_03,Yes
9238_04,No
9238_05,Yes
9238_06,Yes
9238_07,No
9240_01,No
9243_01,Yes
9245_01,No
9249_01,Yes
9255_01,Yes
9258_01,Yes
9260_01,Yes
9262_01,Yes
9263_01,Yes
9265_01,Yes
9266_01,Yes
9266_02,Yes
9269_01,No
9271_01,Yes
9273_01,Yes
9277_01,Yes
